<?xml version="1.0" encoding="UTF-8"?>
<project-private xmlns="http://www.netbeans.org/ns/project-private/1">
    <editor-bookmarks xmlns="http://www.netbeans.org/ns/editor-bookmarks/2" lastBookmarkId="0"/>
    <open-files xmlns="http://www.netbeans.org/ns/projectui-open-files/2">
        <group>
            <file>file:/D:/xcourtesy/HUST/20191/LTNC/Project/QuanLyChiTieuSinhVien/src/quanlychitieusinhvien/View/QuanLyKhoanThuChiPanel.java</file>
            <file>file:/D:/xcourtesy/HUST/20191/LTNC/Project/QuanLyChiTieuSinhVien/src/quanlychitieusinhvien/View/MainFrame.java</file>
            <file>file:/D:/xcourtesy/HUST/20191/LTNC/Project/QuanLyChiTieuSinhVien/src/quanlychitieusinhvien/QuanLyChiTieuSinhVien.java</file>
        </group>
    </open-files>
</project-private>
